cD disk - LS-1971,,cD hexagonal - LS-1971,,cD branched - LS-1971,,cD stellarplate - LS-1971,,cD dendrite - LS-1971,,cD stellar - LS-1971,,Be disk - LS-1971,,Be hexagonal - LS-1971,,Be branched - LS-1971,,Be stellarplate - LS-1971,,Be dendrite - LS-1971,,Be stellar - LS-1971,
0.253444617,96.20851454,0.177560169,151.9221286,0.188895512,164.2864429,0.126335979,390.291054,0.120606297,488.8921821,0.128305736,656.9360591,0.180328584,0.454392158,0.200954498,0.567326687,0.180328584,0.617164691,0.132337863,0.649479958,0.1082273,0.712384519,0.111628443,0.915716714
0.262760931,94.20086351,0.185995577,145.2830305,0.196344707,156.9067445,0.132337863,368.3833231,0.125039636,466.3258484,0.134401198,628.2275161,0.188895512,0.470023547,0.210501308,0.583779722,0.188895512,0.638395563,0.138624881,0.670066714,0.113368889,0.738821898,0.116931612,0.954683513
0.269624382,89.62183326,0.193330411,139.4850849,0.204087664,150.2512157,0.137556677,352.7575716,0.130306205,444.7913832,0.136496704,602.427,0.197869433,0.487466641,0.220501662,0.603862128,0.197869433,0.66035679,0.145210578,0.696754573,0.118754742,0.770261233,0.12248672,1.005781621
0.282433515,85.25790982,0.200954498,133.2194561,0.213783322,143.309622,0.142981297,335.1530947,0.136496704,424.242058,0.142981297,580.641102,0.20726968,0.504235814,0.230977106,0.623002922,0.20726968,0.683073498,0.152109144,0.722611907,0.123916253,0.791576193,0.128305736,1.054083396
0.293571429,81.64151671,0.208879244,128.4059901,0.223939596,136.6887293,0.14861984,319.679561,0.142981297,403.5845932,0.147474617,553.8519538,0.217116508,0.521581858,0.24195021,0.646123251,0.217116508,0.706571675,0.159335443,0.751392572,0.130306205,0.832840062,0.134401198,1.104704821
0.302797184,78.48858049,0.217116508,122.4776713,0.234578367,129.0161478,0.153290356,307.333768,0.14861984,389.0023333,0.153290356,534.5392113,0.227431132,0.539524617,0.253444617,0.666603608,0.227431132,0.730878206,0.166905043,0.783366831,0.136496704,0.866010966,0.139701381,1.144241163
0.314738151,75.75169434,0.225678612,117.2825239,0.245722557,123.3780563,0.159335443,293.1446124,0.154480742,372.014905,0.159335443,511.8656093,0.238235776,0.559546973,0.265485092,0.68953521,0.238235776,0.76197951,0.174834255,0.812438442,0.142981297,0.9052284,0.145210578,1.194533621
0.327150016,72.82382413,0.234578367,112.3077396,0.257396178,116.7577686,0.16561892,280.7102687,0.160572771,359.5128897,0.166905043,484.3996424,0.24955372,0.583357562,0.278097579,0.713255675,0.24955372,0.786132196,0.183140162,0.847010406,0.149773956,0.941282435,0.152109144,1.248628252
0.340051349,69.4616535,0.243829088,107.1226537,0.269624382,111.3635693,0.172150189,266.7013349,0.166905043,343.8132424,0.172150189,464.4754096,0.26140935,0.603425446,0.29130925,0.739725383,0.26140935,0.815306433,0.191840661,0.878443901,0.156889316,0.98133714,0.15995291,1.306859939
0.356206279,65.90668643,0.251491644,102.5821947,0.282433515,105.3879616,0.180328584,253.0518692,0.174834255,330.5136872,0.178939023,449.4538456,0.273828208,0.624183678,0.305148573,0.769187654,0.273828208,0.85000044,0.200954498,0.918224362,0.164342707,1.020422484,0.16561892,1.358977448
0.370253461,63.69181174,0.275954637,93.68961287,0.293571429,101.3146233,0.187439937,241.684854,0.183140162,313.5983791,0.185995577,430.3893179,0.286837054,0.650744775,0.319645365,0.793568819,0.286837054,0.879241014,0.210501308,0.949811884,0.172150189,1.063844863,0.172817318,1.413126932
0.381889021,61.23208011,0.286837054,90.0684262,0.305148573,97.14417537,0.191840661,232.6630273,0.191840661,301.4676103,0.193330411,412.1334521,0.300463915,0.676663068,0.334830861,0.825175602,0.300463915,0.916655651,0.220501662,0.992824255,0.180328584,1.112021234,0.17963246,1.466576982
0.396949016,58.55812295,0.300463915,85.23548496,0.317182268,93.63417614,0.200954498,222.4954982,0.200954498,286.0388468,0.200954498,391.5658032,0.314738151,0.701774784,0.350737779,0.855798783,0.314738151,0.948189208,0.230977106,1.029669063,0.188895512,1.15631155,0.188895512,1.546059207
0.415807001,56.14582899,0.314738151,81.72422067,0.329690518,89.31122165,0.208879244,213.8958497,0.210501308,274.2555152,0.210501308,373.4754955,0.329690518,0.727818424,0.367400393,0.889884103,0.329690518,0.991128095,0.24195021,1.076297778,0.197869433,1.211842392,0.197869433,1.620307336
0.435560879,53.55189633,0.334830861,76.32865327,0.345353232,85.18505059,0.215443469,204.8297437,0.220501662,262.2703666,0.220501662,356.2209584,0.345353232,0.756806457,0.384854602,0.925326994,0.345353232,1.027909957,0.253444617,1.116240381,0.20726968,1.260108452,0.20726968,1.689256815
0.452737452,51.48206802,0.350737779,72.80227579,0.36176004,80.61414421,0.223939596,196.1414604,0.229197261,253.1250346,0.230977106,339.7635796,0.36176004,0.786949044,0.403138014,0.959666904,0.36176004,1.071650953,0.265485092,1.16374013,0.217116508,1.312871079,0.217116508,1.779671938
0.470591392,49.23388628,0.364569309,69.98840323,0.378946292,77.09125246,0.234578367,186.1031674,0.238235776,243.0233374,0.24008581,325.3517946,0.378946292,0.822586147,0.422290022,1.003125561,0.378946292,1.114333375,0.278097579,1.210090341,0.225678612,1.362529056,0.227431132,1.860264643
0.489149412,47.57932139,0.378946292,67.10744703,0.393890239,73.91791928,0.243829088,179.8489432,0.24955372,232.4030558,0.24763073,314.0171471,0.396949016,0.855348652,0.442351891,1.043078709,0.396949016,1.161751975,0.29130925,1.258286618,0.234578367,1.42055592,0.238235776,1.954710774
0.504521387,45.74184247,0.390855031,65.19467413,0.409423508,70.50523585,0.251491644,172.225936,0.26140935,222.2468876,0.257396178,301.0911536,0.415807001,0.889416043,0.463366846,1.087465185,0.415807001,1.208023,0.305148573,1.311830909,0.243829088,1.47332277,0.24763073,2.024668025
0.524417454,43.85895561,0.409423508,61.85808613,0.428874123,67.24789978,0.26140935,165.3527548,0.273828208,213.6498228,0.269624382,287.9332698,0.435560879,0.927263661,0.485380164,1.136711206,0.435560879,1.256136938,0.319645365,1.364079377,0.253444617,1.540093049,0.257396178,2.113657598
0.549331124,41.72334738,0.428874123,58.84605276,0.449248785,64.14105237,0.273828208,156.8901921,0.286837054,204.3131833,0.282433515,273.9130394,0.452737452,0.961707065,0.508439277,1.18818734,0.456253211,1.309589753,0.334830861,1.437089829,0.265485092,1.597247608,0.269624382,2.209374893
0.570994287,40.63897659,0.449248785,56.27444109,0.466965148,61.66194377,0.284626768,151.2214584,0.300463915,194.8739312,0.293571429,264.0160533,0.470591392,0.994823132,0.530537889,1.225869814,0.47792858,1.368894717,0.350737779,1.494327192,0.275954637,1.663093092,0.282433515,2.33372772
0.588938313,39.06952876,0.470591392,53.81521056,0.485380164,59.12373243,0.293571429,145.3813953,0.314738151,186.8461259,0.305148573,253.1482716,0.489149412,1.02773393,0.557895976,1.288086373,0.500633687,1.434634678,0.367400393,1.557915796,0.286837054,1.715865058,0.294709098,2.423543727
0.612163406,37.85548339,0.500633687,50.26224189,0.508439277,56.39222087,0.305148573,139.0327032,0.329690518,179.149025,0.319645365,242.7198628,0.508439277,1.070101587,0.58440012,1.346417553,0.524417454,1.491774256,0.381889021,1.60314961,0.298148624,1.798327096,0.309906273,2.569977001
0.636304393,36.82342379,0.516366567,49.08584291,0.532593866,53.92784329,0.319645365,132.2628342,0.345353232,171.7690051,0.331395137,232.12302,0.532593866,1.127377286,0.612163406,1.396384601,0.549331124,1.559329472,0.396949016,1.680194704,0.309906273,1.87246195,0.323375921,2.656690977
0.661397392,35.16932648,0.536729755,46.81962053,0.557895976,51.43638138,0.334830861,126.1523022,0.36176004,165.1245509,0.345353232,224.3197836,0.557895976,1.172279214,0.641245651,1.455805421,0.570994287,1.613024471,0.415807001,1.75169259,0.32462909,1.952141448,0.34136914,2.811641235
0.692818612,33.89747884,0.557895976,44.77504424,0.58440012,49.06002481,0.350737779,120.3240762,0.378946292,158.3222673,0.36176004,215.0789605,0.579896898,1.215823773,0.671709516,1.525719192,0.593511747,1.681719338,0.435560879,1.82623295,0.340051349,2.051252189,0.356206279,2.958305821
0.72573257,32.50107678,0.58440012,43.04303367,0.612163406,47.28584023,0.367400393,114.7651138,0.396949016,152.1979665,0.378946292,205.1423303,0.602765438,1.254403339,0.703620637,1.59481161,0.621707902,1.730490862,0.452737452,1.896548659,0.356206279,2.138539808,0.373128686,3.100375849
0.754352217,31.20402596,0.621707902,41.2671677,0.641245651,45.33790643,0.381889021,109.8971108,0.415807001,145.5468141,0.396949016,195.6647716,0.63140121,1.311209179,0.737047771,1.675780619,0.651243581,1.81359616,0.470591392,1.969571744,0.373128686,2.223714984,0.387843213,3.21133537
0.784100495,29.95873775,0.651243581,39.36062796,0.671709516,43.2432989,0.396949016,105.2355943,0.435560879,139.1863214,0.415807001,186.6250753,0.65630085,1.351046518,0.772062938,1.756258505,0.68218242,1.900692516,0.49294793,2.058764089,0.387843213,2.309335001,0.403138014,3.343720561
0.821351011,28.87532349,0.687479947,37.39386424,0.703620637,41.24546206,0.41260291,101.1681452,0.456253211,133.1037865,0.435560879,178.9370805,0.687479947,1.42149824,0.808741582,1.840601271,0.714591081,1.991971597,0.516366567,2.157634419,0.403138014,2.410836449,0.419035974,3.472464313
0.860371199,27.54128593,0.714591081,35.90155238,0.731368288,39.8072384,0.428874123,97.00372676,0.47792858,128.2902813,0.456253211,171.5657917,0.714591081,1.489813427,0.84716273,1.944197982,0.748539391,2.082178323,0.54089776,2.25534321,0.422290022,2.533235257,0.435560879,3.625088404
0.901245132,26.33771341,0.742771358,34.69503686,0.760210182,38.11873087,0.449248785,92.76459934,0.500633687,122.0434891,0.47792858,164.4981621,0.748539391,1.557279847,0.882844539,2.011123758,0.784100495,2.187891071,0.566594365,2.345170509,0.442351891,2.641032862,0.452737452,3.740116868
0.944060876,25.1867378,0.772062938,33.44144083,0.796325734,36.45291697,0.470591392,88.47888251,0.524417454,117.0159241,0.500633687,156.4883127,0.784100495,1.644930048,0.908243803,2.094122825,0.821351011,2.292962609,0.593511747,2.4706925,0.459796271,2.742720929,0.470591392,3.919861573
0.988910682,24.14917354,0.808741582,32.06382519,0.834157038,34.95124398,0.489149412,85.05909519,0.549331124,111.9022503,0.524417454,150.4349538,0.821351011,1.723926362,0.944060876,2.186165122,0.860371199,2.403080116,0.621707902,2.542345027,0.47792858,2.863270847,0.49294793,4.108109468
1.035891182,23.1543516,0.840634733,30.8245299,0.873785607,33.42385135,0.508439277,81.13203978,0.575428376,107.5735917,0.549331124,144.2378062,0.860371199,1.811450562,0.988910682,2.237823129,0.894300391,2.508701913,0.651243581,2.664438905,0.496775945,2.965744604,0.516366567,4.316679278
1.0851036,22.14249103,0.880571039,29.63216007,0.929567599,31.38096531,0.532593866,77.38374625,0.602765438,103.9550315,0.570994287,139.9387468,0.887409164,1.868991547,1.01998812,2.351592651,0.929567599,2.612121501,0.68218242,2.785098412,0.516366567,3.09609701,0.54089776,4.512160733
1.136653968,21.28596416,0.915296822,28.33814677,0.973728867,30.00959624,0.557895976,73.80862356,0.63140121,100.1956486,0.593511747,133.3034434,0.929567599,1.989745821,1.052042195,2.458246529,0.966225587,2.702069048,0.714591081,2.926498599,0.54089776,3.244784337,0.566594365,4.728853272
1.190653356,20.40909174,0.958780125,27.17076064,1.01998812,28.84875009,0.58440012,70.39867125,0.661397392,95.81703212,0.621707902,130.5159839,0.966225587,2.060956943,1.106292537,2.566166462,1.004329203,2.804271986,0.748539391,3.067041113,0.566594365,3.400612243,0.593511747,4.955952279
1.24721811,19.61961708,1.004329203,25.91547374,1.060211889,27.80639124,0.612163406,67.8528055,0.692818612,92.59393897,0.651243581,124.8123486,1.004329203,2.162831695,1.154376016,2.685931875,1.035891182,2.929539442,0.784100495,3.214333057,0.588938313,3.522316941,0.621707902,5.113042541
1.306470105,18.81138961,1.052042195,24.718181,1.102021904,26.59210783,0.641245651,65.05761834,0.72573257,88.31610664,0.68218242,119.6707207,1.035891182,2.25501569,1.19434321,2.807712409,1.0851036,3.094426132,0.821351011,3.359894601,0.612163406,3.63884244,0.651243581,5.400825887
1.368537003,18.03645696,1.102021904,23.88671087,1.154376016,25.49664955,0.671709516,62.05196175,0.760210182,84.456634,0.714591081,115.0415583,1.076742097,2.32657008,1.252051417,2.954113771,1.127895232,3.221991818,0.860371199,3.530477344,0.636304393,3.778949311,0.68218242,5.630649034
1.433552533,17.29344755,1.154376016,22.84284571,1.209217331,24.38242899,0.703620637,59.18516624,0.796325734,81.40238243,0.748539391,110.0141656,1.119203989,2.438381734,1.306470105,3.149146541,1.172374376,3.354816314,0.901245132,3.700025404,0.661397392,3.924450738,0.714591081,5.932021696
1.501656778,16.66805512,1.209217331,21.90183777,1.26666401,23.37799812,0.737047771,56.74704132,0.834157038,77.84504414,0.784100495,105.4821469,1.172374376,2.582372955,1.368537003,3.291756104,1.228070745,3.497574933,0.936786209,3.847518973,0.687479947,4.070225289,0.748539391,6.200654169
1.572996472,15.98141684,1.26666401,21.1097896,1.326839827,22.35636405,0.766113638,54.48238415,0.873785607,75.02989112,0.821351011,101.6675382,1.228070745,2.706389138,1.411544551,3.468170849,1.286413099,3.679959606,0.973728867,4.021886682,0.714591081,4.265834536,0.784100495,6.515463031
1.647725325,15.36321572,1.326839827,20.24017467,1.389874437,21.43539665,0.796325734,52.44516821,0.915296822,71.93904489,0.860371199,97.22459913,1.281447146,2.840121426,1.467209555,3.649142205,1.337143478,3.84170367,1.01998812,4.226078938,0.742771358,4.401194654,0.818813494,6.76442494
1.726004346,14.80762732,1.389874437,19.45723415,1.455903651,20.76863084,0.827729259,50.55022701,0.958780125,69.15626292,0.894300391,94.3267852,1.368537003,3.035262227,1.51331798,3.750307622,1.389874437,4.026330493,1.068445026,4.429032651,0.772062938,4.612709819,0.860371199,7.212691093
1.808002193,14.2348313,1.455903651,18.70457972,1.525069738,19.80912181,0.860371199,48.469411,1.004329203,65.78886207,0.929567599,90.5623981,1.411544551,3.181237224,1.572996472,4.003205963,1.455903651,4.230748363,1.119203989,4.641733038,0.808741582,4.796427873,0.901245132,7.539318868
1.893895538,13.72004929,1.525069738,17.93404709,1.597521719,19.19294264,0.901245132,46.5944931,1.052042195,63.40970338,0.973728867,87.28734043,1.467209555,3.347236202,1.635028418,4.151905894,1.525069738,4.457193287,1.172374376,4.902989121,0.840634733,5.046708524,0.944060876,7.922092092
1.983869447,13.12047401,1.62242935,16.92626395,1.673415701,18.30623027,0.944060876,44.55828274,1.102021904,60.48018032,1.01998812,83.69155024,1.501656778,3.440144977,1.699506626,4.328725668,1.597521719,4.708062704,1.228070745,5.09826861,0.873785607,5.254755768,0.981290415,8.270289222
2.078117775,12.64599111,1.699506626,16.35689831,1.752915202,17.69044533,0.981290415,43.17367999,1.154376016,58.44574812,1.068445026,80.87633402,1.609927366,3.720001837,1.766527566,4.542698044,1.673415701,4.934163262,1.26666401,5.329494933,0.908243803,5.457080382,1.01998812,8.611226464
2.176843589,12.1886672,1.780245637,15.68307809,1.836191512,16.9173611,1.01998812,41.39650727,1.209217331,55.89163003,1.119203989,76.93825201,1.673415701,3.898779842,1.836191512,4.767247246,1.739407732,5.151032931,1.326839827,5.600074808,0.944060876,5.696933656,1.060211889,8.942785749
2.280259602,11.77866483,1.864820343,15.15553074,1.923424057,16.26295531,1.060211889,40.05770596,1.26666401,53.72960215,1.172374376,74.1558918,1.739407732,4.05419633,1.908602693,4.989821217,1.794070237,5.356543932,1.389874437,5.915270361,0.981290415,5.947329123,1.102021904,9.409425986
2.388588633,11.29344433,1.953412967,14.60745297,2.014800786,15.67482913,1.102021904,38.55986041,1.326839827,51.65120691,1.228070745,71.10104986,1.794070237,4.299508924,1.968582308,5.188900347,1.864820343,5.59197836,1.455903651,6.166984836,1.01998812,6.20873014,1.154376016,9.835533223
2.541074816,10.71475424,2.046214389,14.0424002,2.11051858,15.02910667,1.154376016,36.87476885,1.389874437,49.52344242,1.286413099,68.35068363,1.864820343,4.500245056,2.030446838,5.395922147,1.938360517,5.860720899,1.51331798,6.471823835,1.060211889,6.456227837,1.209217331,10.36196646
2.66179448,10.38146291,2.143424559,13.53457718,2.217634924,14.65316338,1.209217331,35.26331691,1.455903651,47.73249902,1.347527143,65.36371326,1.938360517,4.685764703,2.078117775,5.545696015,2.014800786,6.142378823,1.572996472,6.756277796,1.102021904,6.766504979,1.256903454,10.78913173
2.788249212,9.979881991,2.280259602,13.04426096,2.315812085,13.99833423,1.26666401,33.81064933,1.525069738,45.76616517,1.411544551,62.99992945,2.030446838,4.949499071,2.143424559,5.858216153,2.094255518,6.387231568,1.647725325,7.136549272,1.145480719,7.063910965,1.306470105,11.35211547
2.932030015,9.650331561,2.388588633,12.5069044,2.425830119,13.45684369,1.326839827,32.4178242,1.597521719,43.99581557,1.478603255,60.5629348,2.11051858,5.180582043,2.227951637,6.044104476,2.160069445,6.668186735,1.726004346,7.479275756,1.190653356,7.33589374,1.357991442,11.80464318
3.059466655,9.295411015,2.482783886,12.00777968,2.541074816,12.93629935,1.389874437,31.24548065,1.673415701,42.18341389,1.548847739,58.37276417,2.193747993,5.436662362,2.297967089,6.309966511,2.245252923,6.943078354,1.794070237,7.808009923,1.24721811,7.728537254,1.411544551,12.33962393
3.315771866,8.892562293,2.580693778,11.61943699,2.66179448,12.46847687,1.455903651,29.88003235,1.752915202,40.65791196,1.62242935,55.96810604,2.262688564,5.67580484,2.370182842,6.56171554,2.351918881,7.295580289,1.864820343,8.151192836,1.306470105,8.163531544,1.467209555,12.76453483
3.462564768,8.455244814,2.703295633,11.25800476,2.788249212,12.0175725,1.525069738,28.72419805,1.836191512,38.98301477,1.699506626,54.08545099,2.351918881,5.933029584,2.444668042,6.823508611,2.463652253,7.686066081,1.938360517,8.576527253,1.357991442,8.522340583,1.51331798,13.32600845
3.627061954,8.149473159,2.831721973,10.90781517,2.92071147,11.61332542,1.597521719,27.54090859,1.923424057,37.67170419,1.780245637,51.99329063,2.425830119,6.185906573,2.541074816,7.104803273,2.550922167,8.108453986,2.014800786,8.953488557,1.411544551,8.920232927,1.572996472,13.91172215
3.79937396,7.875341196,2.966249506,10.51334987,3.059466655,11.16409298,1.673415701,26.47555744,2.014800786,35.93127457,1.864820343,50.11302875,2.541074816,6.48297928,2.641283441,7.378360531,2.66179448,8.486883194,2.094255518,9.347018319,1.467209555,9.287963672,1.679816257,15.06416021
3.979872049,7.590540913,3.155613241,10.13248345,3.217233246,10.85208706,1.752915202,25.45141674,2.11051858,34.63187218,1.953412967,48.0486293,2.620930455,6.794765482,2.745443847,7.702659204,2.745443847,8.871796377,2.176843589,9.783413344,1.525069738,9.696194509,1.62242935,14.46675878
4.168945119,7.335210312,3.331197248,9.740213395,3.357065852,10.45296827,1.836191512,24.33917289,2.210783669,33.29222485,2.046214389,46.18998828,2.745443847,7.214865477,2.875872537,8.051475257,2.831721973,9.225754851,2.262688564,10.18672813,1.585211667,10.08271249,1.953412967,17.9151862
4.367000545,7.107042506,3.462564768,9.363745504,3.516551066,10.07495185,1.923424057,23.52045184,2.315812085,32.17234105,2.143424559,44.5195944,2.853711873,7.551714224,2.966249506,8.285520882,2.975441962,9.683879435,2.315812085,10.46947975,1.647725325,10.56727333,2.046214389,18.72647804
4.574465053,6.85002663,3.627061954,9.108160834,3.655228112,10.00760906,2.014800786,22.49259244,2.425830119,31.0901279,2.245252923,42.79746527,2.966249506,7.966587839,3.059466655,8.867713166,3.095173449,10.03436138,2.471287151,11.14502614,1.712704242,11.03173325,2.143424559,19.88428008
4.791785646,6.636950865,3.79937396,8.859552381,3.79937396,9.5081762,2.11051858,21.67918048,2.541074816,29.80937428,2.351918881,41.24975707,3.097568666,8.39309877,3.131296974,9.3310497,3.409407272,11.39503068,2.580693778,11.61943699,1.780245637,11.51660742,2.240746208,20.79905267
5.019430558,6.396935171,3.949204276,8.584250914,3.979872049,9.212416486,2.210783669,20.69113628,2.66179448,28.73136153,2.463652253,39.75801948,3.254781322,8.773066088,3.254781322,9.639740042,3.585219144,12.17876833,2.66179448,12.46847687,1.864820343,12.00667746,2.397845059,22.19830611
5.25789027,6.181755078,4.168945119,8.295221128,4.367000545,8.58058219,2.315812085,20.19231222,2.788249212,27.40397501,2.580693778,38.32022842,3.357065852,9.075462156,3.516551066,10.76315387,3.712218304,12.7142668,2.840497526,13.32172583,1.923424057,12.55122701,2.502064087,23.21912662
5.507678565,6.005160712,4.367000545,7.995236497,4.574465053,8.313676057,2.425830119,19.46208656,2.92071147,26.48216014,2.703295633,36.93443298,3.489453514,9.32675512,3.363817772,10.18981124,3.858611591,13.7503848,2.966249506,14.02025385,2.014800786,12.94906691,2.590694663,24.33540497
5.769333634,5.803159127,4.645787454,7.625355736,4.791785646,8.034020637,2.541074816,18.75826845,3.059466655,25.39123114,2.831721973,35.41292401,3.627061954,9.942677839,3.627061954,11.17062623,3.79937396,13.11856866,3.059466655,14.59870964,2.238316344,14.76807022,2.692860073,25.25586624
6.043419235,5.622647045,4.866496383,7.330387926,5.019430558,7.784115756,2.66179448,18.17477693,3.204813728,24.53712095,2.966249506,34.22170413,3.712218304,10.36679453,3.770097055,11.7535166,4.10494323,14.52335862,3.211259431,15.40009086,2.351918881,15.7467234,2.788249212,26.88895681
6.330525909,5.447749941,5.097690602,7.102370124,5.25789027,7.541984373,2.788249212,17.51751251,3.370075388,23.88260397,3.107168082,32.89792312,3.828878217,10.82279874,3.918772821,12.41546174,4.299958097,15.14137595,3.462564768,16.96034201,2.454141791,16.56812503,3.024171785,28.90425777
6.631272253,5.292123921,5.33986824,6.863460611,5.507678565,7.307384688,2.92071147,16.8840171,3.516551066,22.73493934,3.204813728,31.50352459,3.979872049,11.41737813,4.041923901,13.21848557,4.435088279,15.95284614,3.585219144,17.68293327,2.67734946,18.47260886,3.155613241,30.41200028
6.946306251,5.127508013,5.593551089,6.649966971,5.769333634,7.117235054,3.059466655,16.31607256,3.683612996,21.97018149,3.357065852,31.04722031,4.168945119,12.02847742,4.333349669,14.12647711,4.609988325,16.58877211,3.726604152,18.46014547,2.788249212,19.39973739,3.254781322,31.70821749
7.276306671,4.955028907,5.859285731,6.443114228,6.043419235,6.859850579,3.204813728,15.76723254,3.858611591,21.06512284,3.516551066,29.84623627,4.266823831,12.65696336,4.504237598,14.74737355,4.754861495,17.66172287,3.878562006,19.42330113,2.92071147,20.17240295,3.475983141,34.33314808
7.621984528,4.80089862,6.137644716,6.226380763,6.330525909,6.611774041,3.357065852,15.2368544,4.041923901,20.4098747,3.683612996,28.99361803,4.550935076,13.42090242,4.700008072,15.51664575,5.071469275,18.85065766,4.041923901,20.4098747,3.012497544,21.19795524,3.615856356,35.56178206
7.984084614,4.651562683,6.42922779,6.016937779,6.631272253,6.422895312,3.516551066,14.72431712,4.233944889,19.72332737,3.858611591,27.87207245,4.718221872,14.13985749,4.90428744,16.32604575,5.217374449,19.55172651,4.233944889,21.44608947,3.155613241,22.12893439,3.79937396,37.66127964
8.363387107,4.518681365,6.734663196,5.875723581,6.946306251,6.206841972,3.683612996,14.26630501,4.435088279,19.01006187,4.041923901,26.86411941,4.923292877,14.799778,5.298720719,18.57782404,5.423124362,20.43780135,4.367000545,22.36016253,3.204813728,22.92316922,3.918772821,39.36936524
8.760709246,4.36668197,7.054609021,5.707871626,7.276306671,6.045330188,3.858611591,13.78641507,4.645787454,18.27470519,4.233944889,25.82494816,5.177170831,15.69399745,5.507678565,19.39436908,5.814135726,22.68639872,4.574465053,23.61868568,3.370075388,23.88260397,4.10494323,41.36815839
9.176907096,4.264198362,7.332811249,5.537746472,7.621984528,5.857285174,4.041923901,13.2531221,4.942371966,17.47493914,4.400912738,25.15376952,5.33986824,16.53508423,5.769333634,20.27264593,6.043419235,23.65255836,4.942371966,26.1478711,3.516551066,25.07913007,4.233944889,43.24436537
9.612877393,4.109989818,8.234991899,5.08373239,7.984084614,5.704869408,4.233944889,12.77384217,5.137277011,16.97629029,4.574465053,24.08681961,5.564779172,17.2390851,6.043419235,21.30189355,6.233339305,24.59622559,5.113488428,27.36204563,3.627061954,26.3886427,4.452275443,46.03759751
10.06955947,4.013530633,8.626214325,5.00354731,8.363387107,5.541898249,4.504237598,12.31108505,5.423124362,16.44768784,4.791785646,23.42936669,5.724876774,17.99757803,6.28174466,22.06426819,6.449152072,25.67108337,5.33986824,28.83448489,3.813905979,28.13135542,4.663791134,48.43827578
10.54793729,3.878523497,9.036022682,4.898919966,8.760709246,5.397689347,4.718221872,11.92813853,5.680762487,15.72891293,5.019430558,22.58207766,5.904786352,19.08658118,6.529468574,23.21559571,6.734663196,27.44470518,5.507678565,30.10282744,4.10494323,30.29862692,4.828996532,50.5680989
11.04904156,3.767725611,9.465299937,4.746534993,9.176907096,5.243493409,4.942371966,11.58738708,5.950640309,15.12047929,5.25789027,21.87964338,6.137644716,19.79555626,6.839666151,24.58652214,7.032814215,28.91402518,5.751509612,31.79755827,4.250352568,31.71373527,5.034985855,52.91448498
11.57395196,3.660092891,9.838569032,4.671822104,9.612877393,5.09370239,5.177170831,11.16834604,6.233339305,14.65014422,5.680762487,20.4873123,6.379685972,20.71977423,7.054609021,25.90418508,7.389754616,30.86239351,6.043419235,33.71891386,4.400912738,33.23839882,5.217374449,55.76381642
12.12379944,3.555534918,10.54793729,4.490661342,10.06955947,4.961156248,5.423124362,10.8492996,6.529468574,14.1573427,6.043419235,19.43751702,6.631272253,21.51755067,7.361227871,27.14865707,7.651521775,32.51586397,6.233339305,35.29434822,4.574465053,34.69931532,5.423124362,58.21478526
12.69976871,3.453963855,11.13484353,4.333787571,10.54793729,4.794272884,5.680762487,10.53936736,6.839666151,13.7169668,6.42922779,18.8810032,6.919491354,22.58080917,7.740822081,28.90223816,7.953263571,33.81203908,6.449152072,36.83671514,4.791785646,36.50874711,5.680762487,61.49135602
13.30310073,3.372901236,11.75440629,4.193353093,11.04904156,4.669518368,5.950640309,10.18484414,7.164600385,13.22091261,6.734663196,18.29369392,7.220237501,23.7586995,8.046085482,30.77060391,8.234991899,35.7168832,6.700021666,38.76910738,4.942371966,38.21452966,5.927668992,64.69895027
13.93509544,3.267984343,12.31282668,4.073561461,11.57395196,4.53612411,6.233339305,9.868036109,7.504971375,12.7427975,7.054609021,17.67833068,7.44714018,24.60981011,8.298941202,31.99826014,8.599564135,37.72767449,6.946306251,40.84596073,5.113488428,39.88450883,6.201276468,68.25148987
14.59711454,3.182946254,12.89777612,3.957191921,12.12379944,4.418087032,6.529468574,9.611254301,7.86151248,12.37877365,7.389754616,17.12843153,7.621984528,25.76049077,8.559743148,33.40576767,9.001140832,40.3233379,7.24821787,42.97662229,5.312401208,41.97678321,6.42922779,71.90770857
15.29058438,3.10012099,13.51051495,3.844146712,12.69976871,4.303121463,6.839666151,9.312288256,8.234991899,11.96237649,7.740822081,16.55226538,7.953263571,27.13973143,8.8515355,34.69275523,9.392363002,42.761126,7.592561303,45.75331265,5.529022306,44.0514878,6.713856844,75.24376879
16.01699912,3.01155975,14.15236335,3.744115972,13.30310073,4.180194076,7.164600385,9.046263865,8.626214325,11.59027684,8.108567822,15.95367673,8.331101839,28.83655903,9.176907096,36.36043832,9.76275579,44.81616499,7.959418247,48.51841811,5.724876774,46.35088445,7.054609021,79.81122836
16.77792389,2.94088011,14.82470426,3.627652137,13.93509544,4.082087235,7.504971375,8.764872317,9.036022682,11.22975165,8.493784178,15.49792761,8.726890191,30.28078201,9.465299937,37.41738767,10.1870805,47.15392566,8.363387107,51.65248074,5.950640309,48.57844214,7.276306671,83.43097818
17.57499815,2.856867908,15.52898629,3.514811006,14.59711454,3.97586491,7.86151248,8.536796564,9.465299937,10.85200529,8.897301133,15.01585171,9.036022682,31.98668829,9.687526745,39.21819327,10.67104144,50.00384171,8.670814966,53.85282702,6.209276682,50.91221602,7.621984528,88.40399745
18.40993928,2.782527715,16.26672687,3.387702968,15.29058438,3.882553562,8.234991899,8.292925665,9.914971005,10.51444465,9.319988099,14.54877117,9.465299937,33.78703243,10.06955947,41.42691884,11.04904156,52.82087159,9.036022682,57.63433502,6.449152072,53.69533808,7.922561507,93.09002718
19.28454622,2.710121971,17.03951553,3.299549612,16.01699912,3.771640549,8.626214325,8.077130706,10.38600474,10.21407823,9.76275579,14.17018928,9.76275579,35.22709993,10.54793729,44.10348391,11.52927292,55.79476773,9.428760943,60.40316621,6.734663196,56.80740653,8.234991899,97.5638017
20.2007034,2.646516909,17.84901731,3.22211101,16.77792389,3.683122234,9.036022682,7.82588485,10.87941603,9.896360846,10.22655819,13.72941378,10.1007652,36.76652809,10.96390076,46.22303472,11.98393587,58.93706777,9.76275579,63.80605523,7.027376042,59.53651097,8.581843099,102.5193892
21.16038476,2.584404622,18.69697635,3.138266617,17.57499815,3.587281605,9.465299937,7.602322585,11.39626797,9.588526326,10.7123946,13.30234897,10.46665786,38.74632672,11.39626797,48.82626527,12.50480112,62.01142183,10.19496383,67.18689654,7.276306671,62.89057586,8.897301133,107.588184
22.16565801,2.523750077,19.58521966,3.04861567,18.40993928,3.521472508,9.914971005,7.404498203,11.93767416,9.314610634,11.2213118,12.85488458,10.87941603,40.66158867,11.75440629,51.30856192,12.83143298,64.23427219,10.54793729,71.19541038,7.592561303,66.69268911,9.176907096,112.3206656
23.2186891,2.46451906,20.51566103,2.984867184,19.28454622,3.438825498,10.38600474,7.192973702,12.50480112,9.001285779,11.75440629,12.52038028,11.39626797,43.51586316,12.26529535,54.05567009,13.30310073,68.03041446,11.01490619,75.20357397,7.953263571,70.86244282,9.575768705,119.1111248
24.32174688,2.406678162,21.49030518,2.892020413,20.2007034,3.358118168,10.87941603,6.987491827,13.09887075,8.744145804,12.31282668,12.13092345,11.93767416,45.84498923,12.69976871,57.55100874,13.72116304,71.11585852,11.53819491,80.31423774,8.363387107,75.29165956,10.06955947,126.3079548
25.47720798,2.350194758,22.51125207,2.802061717,21.16038476,3.287897789,11.75440629,6.698761904,13.72116304,8.494351553,12.89777612,11.75358101,12.44047935,48.93596504,13.16659664,59.37782306,14.29908734,74.72806771,11.97466921,84.43932501,8.726890191,78.90877244,10.54793729,133.9418275
26.68756195,2.295036989,23.39899516,2.729237409,22.16565801,3.202341521,12.26529535,6.477771902,14.37301878,8.251693182,13.51051495,11.38797611,12.89777612,51.35547188,13.72116304,63.05035813,14.74844946,78.32196789,12.46616826,89.05433179,9.036022682,83.02764733,10.91313152,139.6123061
27.9554166,2.241173742,24.70095742,2.67207946,23.2186891,3.135378531,12.89777612,6.371324372,15.05584244,7.995017415,14.15236335,11.06265549,13.30310073,53.75493158,14.29908734,66.95004054,15.29058438,82.03322478,12.89777612,94.36750356,9.319988099,87.36295532,11.39626797,147.7039407
29.28350362,2.188574635,25.8744338,2.616204586,24.32174688,3.053791054,13.51051495,6.189314576,15.77110522,7.807378783,14.82470426,10.71854241,13.72116304,56.34016982,14.71046927,69.71306836,15.77110522,86.03471948,13.45836017,99.68053884,9.732594322,92.28132034,11.75440629,153.9993632
30.67468451,2.13721,27.10365891,2.541467398,25.47720798,2.997768903,14.15236335,6.059892087,16.52034822,7.564523785,15.52898629,10.41234552,14.04330923,58.43678027,15.29058438,73.63923181,16.26672687,89.93672884,13.97828053,105.1295868,10.17395517,97.73157015,12.12379944,162.2526351
32.13195668,2.092519585,28.39128121,2.507935543,26.68756195,2.927412927,14.82470426,5.886778985,17.30518575,7.348427828,16.26672687,10.16797353,14.48463328,61.24718286,15.77110522,77.28181917,16.97373771,95.00030471,14.59711454,111.8063152,10.54793729,102.5636441,12.65074366,170.7162738
33.65845995,2.048763675,29.74007499,2.461927174,27.9554166,2.866198868,15.52898629,5.733595744,18.12730881,7.157210187,17.03951553,9.903386881,15.05584244,65.03605121,16.52034822,81.63156207,17.57499815,100.3522674,15.05584244,117.490478,10.87941603,107.0751113,13.25174664,181.034122
35.2574833,2.011178867,31.15294637,2.423095503,29.28350362,2.806264834,16.32976482,5.584306758,18.98848874,6.952749969,17.84901731,9.595333811,15.68998235,67.98270861,17.03951553,85.11085429,18.19755703,105.5904485,15.71022386,124.1053722,11.39626797,114.441501,13.77433625,191.981879
36.93247198,1.958844832,32.63293947,2.37242704,30.67468451,2.747584058,16.86467181,5.525400635,19.89058102,6.789572777,18.69697635,9.345648144,16.14138005,70.78835463,17.71147781,90.61278825,18.98848874,111.9740256,16.26672687,131.4405207,11.75440629,119.4754395,14.29908734,200.9462597
38.68703488,1.933000038,34.1832431,2.316747491,32.13195668,2.69717931,17.57499815,5.381739001,20.83552929,6.57837748,19.58521966,9.102459692,16.64863793,73.90212213,18.35306283,96.4716599,19.58521966,117.3591973,16.77792389,137.4018598,12.24949238,125.5439914,14.82470426,210.8815056
40.52495237,1.887633597,35.80719749,2.268302834,33.65845995,2.640779582,18.40993928,5.283010375,21.82536953,6.440819439,20.51566103,8.842429479,17.17183686,77.15285491,19.28454622,102.7032774,20.51566103,125.4330957,17.52070121,145.5938034,12.69976871,131.7511755,15.29058438,221.8927327
42.4501844,1.857860187,37.50830162,2.220871184,35.2574833,2.592334174,19.08666608,5.172766066,22.86223443,6.256824375,21.49030518,8.589827556,17.71147781,80.54657769,19.89058102,108.4909806,21.16038476,131.2936525,18.12730881,153.3143173,13.09887075,137.5465147,16.01699912,235.3036131
44.46687906,1.814257237,38.98746127,2.185913535,36.93247198,2.551445609,19.89058102,5.051474846,23.948358,6.109980171,22.51125207,8.366306742,18.26807747,83.76014827,20.75509769,115.0499123,21.82536953,137.2483306,18.98848874,163.8618011,13.72116304,147.0092294,16.52034822,244.6915324
46.57938148,1.790320116,40.83965122,2.151435393,38.68703488,2.498093265,20.77115913,4.951090217,25.0860804,5.982216615,23.58070141,8.169954156,18.8421688,87.10193082,21.32470694,121.5353914,22.86223443,146.6905313,19.58521966,171.5178458,14.15236335,153.4757247,17.03951553,258.1428042
48.79224323,1.752883388,43.78422093,2.117292195,40.52495237,2.439464399,21.82536953,4.829769056,26.27785294,5.811322471,24.70095742,7.936562854,19.28454622,91.53314802,21.99485569,127.3803983,23.39899516,153.1480437,20.2007034,179.766661,14.82470426,164.0343127,17.64310601,270.9074638
51.11023213,1.725235376,45.86429209,2.111342136,42.4501844,2.40727836,22.79160288,4.714011236,27.52624341,5.704713086,25.8744338,7.750296118,19.89058102,95.68453252,23.03977242,136.14372,24.32174688,161.1394059,20.83552929,188.6588744,15.29058438,171.2496904,18.26807747,282.819221
53.53834247,1.684745057,48.04318186,2.099906393,44.46687906,2.356940645,23.948358,4.593688466,28.83394156,5.541746393,27.10365891,7.56840096,20.77115913,101.3892755,23.7638187,142.1322741,25.0860804,168.6682533,21.49030518,196.1858063,15.95516854,180.8913108,18.98848874,297.5769074
57.84422875,1.636401651,50.32558486,2.072200447,46.57938148,2.313702295,25.16382257,4.523540217,30.20376496,5.454337115,28.39128121,7.352194244,21.32470694,107.1891604,24.70095742,149.9406906,25.8744338,176.318015,22.16565801,206.9706038,16.52034822,191.5827465,19.58521966,311.4804658
60.59225325,1.619042444,52.71641871,2.055590425,48.79224323,2.277208556,26.27785294,4.392074608,31.638665,5.312406691,29.74007499,7.217317388,21.82536953,110.1643951,25.60893434,156.3280207,27.10365891,188.448072,22.86223443,215.5099173,17.03951553,200.7965438,20.2007034,326.4605092
63.47082904,1.593505488,55.22083468,2.049813763,51.11023213,2.223763732,27.61154769,4.306934125,33.1417333,5.201320901,31.15294637,7.029511447,22.59848924,115.9147489,26.68756195,164.9145109,27.81162048,195.2031479,23.58070141,225.8744451,17.64310601,210.7255423,20.83552929,342.1609886
66.48615827,1.564272445,57.84422875,2.033383184,53.53834247,2.188688583,28.39128121,4.299667976,34.71620836,5.092557986,32.63293947,6.864532705,23.4594078,121.3272594,27.38465486,172.1723801,28.83394156,207.0100237,24.32174688,238.2912972,18.35306283,221.7206058,21.55690399,357.1134616
69.64473772,1.531562517,60.59225325,2.001310883,56.08180584,2.131735466,29.28350362,4.177113942,36.36548251,4.97303847,34.1832431,6.703425924,24.32174688,127.5761019,28.17250599,183.3103845,29.74007499,216.9657657,25.0860804,251.062018,19.21010189,236.0465996,22.51125207,381.7865234
72.95337282,1.51531546,63.47082904,1.969744455,58.02348896,2.049382431,30.76974586,4.113327024,38.09310926,4.869049084,35.80719749,6.563253041,24.89277413,132.9310168,29.28350362,190.9921449,30.51690112,227.1079427,26.17641228,263.6403054,19.89058102,249.9979444,23.2906442,398.4706367
76.41919232,1.499240755,66.48615827,1.943755852,60.35834836,2.041011403,32.13195668,4.014740578,39.90281093,4.779725814,37.50830162,6.409217126,25.8744338,140.0505698,30.04840387,199.2672804,31.47592312,238.0302547,27.18765359,281.8986526,20.51566103,262.0211063,24.22785739,421.5720848
80.04966363,1.475593416,69.64473772,1.91811014,63.71679564,2.000883179,33.78889556,3.941024901,41.79848669,4.655349837,39.29022064,6.258796349,27.10365891,148.904182,30.91289054,207.7627076,32.63293947,249.7990188,28.28168206,298.2418069,21.16038476,273.9047832,25.0860804,447.0733513
83.85260892,1.459940088,72.95337282,1.841595653,66.22950108,1.953987809,35.2574833,3.848594503,43.78422093,4.569946904,41.15679388,6.143978004,27.9554166,155.8613683,31.96667742,216.6155745,33.65845995,263.5310613,29.28350362,315.662569,22.08009169,289.3260429,25.8744338,466.7387677
87.83622196,1.436912635,76.41919232,1.798374422,69.37588743,1.923167802,37.04692631,3.793793352,45.86429209,4.486110698,43.11204301,5.98410204,29.3969851,168.1140835,32.97125999,227.0332766,34.82379445,277.2151965,30.20376496,328.9014626,22.86223443,306.4264265,27.10365891,498.8487472
92.00908579,1.417954159,80.04966363,1.765383035,71.00469815,1.863529893,38.68703488,3.698991393,48.04318186,4.403812478,45.16018079,5.874322995,28.83394156,160.3920499,33.91983665,239.2032694,36.22510047,293.2868261,31.15294637,347.4362561,23.58070141,319.0691462,27.9554166,522.1562435
96.38019122,1.39924582,83.85260892,1.71495129,73.86192011,1.834190948,40.36851349,3.655026561,50.32558486,4.323024027,47.30562012,5.751487179,30.67468451,177.5791644,34.98579907,253.6770564,37.3153677,310.628118,32.13195668,364.145523,24.32174688,336.6091313,28.83394156,547.9848634
100.9589562,1.380784316,87.83622196,1.641121885,76.41919232,1.798282747,42.4501844,3.573859558,52.71641871,4.24371765,49.55298353,5.61650296,31.638665,186.8515019,36.36548251,264.8268413,38.68703488,325.9862876,33.1417333,381.6583893,25.18329573,353.2537981,29.74007499,573.5881254
105.755246,1.366136738,92.00908579,1.598417314,79.7406471,1.776909029,44.46687906,3.526706427,55.22083468,4.176782018,51.90711317,5.499058324,32.75940092,196.6047643,37.3153677,275.3986873,39.90281093,343.0077377,34.1832431,401.5867712,26.27785294,373.6310838,30.67468451,601.1737238
110.7793947,1.348112073,95.26832215,1.578317379,81.61280219,1.721806641,46.57938148,3.44393658,57.84422875,4.078755257,54.3730812,5.398177462,34.1832431,207.6739142,38.48803783,287.8890896,41.31628756,362.3315139,35.36674682,423.5465211,27.10365891,392.6262534,31.638665,630.0859976
116.401844,1.35206758,99.40902836,1.517289065,85.15999006,1.663915869,48.79224323,3.389615796,60.59225325,4.024940586,56.95620077,5.285298151,34.44869503,215.9807949,39.90281093,302.5185583,43.11204301,384.7397115,36.81837124,449.5096401,28.28168206,414.731714,32.63293947,658.6628498
121.1795455,1.337059855,104.1316853,1.477806819,89.20571328,1.620618163,51.11023213,3.327432901,63.47082904,3.951102584,59.66203744,5.188338744,35.80719749,224.0034471,40.83965122,319.5770874,44.46687906,405.3590271,38.09310926,471.4917363,29.28350362,436.3798526,34.1832431,703.9765287
125.7636038,1.311896334,109.0787029,1.450696282,93.44363798,1.578447131,53.53834247,3.266390759,66.48615827,3.878619149,62.49642117,5.079847294,36.64788075,235.399382,42.4501844,334.9355084,45.86429209,423.7436366,39.29022064,494.1672086,30.20376496,459.1655285,35.07612707,736.8842758
131.7382961,1.299338906,114.2607402,1.40557117,97.88289515,1.525351329,56.08180584,3.22329434,69.64473772,3.81744217,65.46545888,4.973624468,38.09310926,245.4244805,44.29522311,360.0977959,47.79605899,452.3134182,40.52495237,522.0153279,31.54091918,486.5411266,36.17842698,772.323283
137.0394319,1.295047847,119.6889622,1.372583193,102.5330495,1.489552178,58.74610235,3.172453718,72.95337282,3.747410751,68.57554763,4.895176107,38.98746127,256.5638721,46.22045388,388.673097,49.1711422,476.5594279,41.79848669,547.1206335,32.63293947,512.3413149,37.3153677,809.4666599
143.6608954,1.272617283,125.3750645,1.343881608,107.4041203,1.450791689,61.53697245,3.114254687,76.41919232,3.688303307,71.83338837,4.792814873,40.52495237,269.9515378,47.30562012,404.1932963,51.11023213,502.0831181,43.11204301,575.6886651,34.1832431,547.5885887,38.68703488,852.8296274
150.9521981,1.261079101,131.3312982,1.312341451,112.5066026,1.416742412,64.46042933,3.073165535,80.04966363,3.620640955,75.24600041,4.704890129,41.47639933,284.0564606,49.55298353,433.6994423,52.31020084,529.7012312,44.46687906,608.1308149,35.2574833,573.1733357,40.52495237,907.9303699
158.1235331,1.247701375,137.5704967,1.305233366,117.3965469,1.363744882,67.52277181,3.024692877,83.85260892,3.563533035,78.82073651,4.618578374,42.77983375,295.3894745,51.90711317,459.3102445,53.95409755,555.1761754,46.43547717,640.3533645,36.36548251,600.7389856,41.79848669,955.3381662
165.635559,1.240943402,144.1061029,1.288012253,120.1527892,1.329258475,70.73059799,2.984785394,87.83622196,3.516516151,82.56529876,4.54573011,44.46687906,311.2100186,53.53834247,480.1417517,55.64965525,579.5967109,48.04318186,681.2270105,37.50830162,629.6303515,43.11204301,1007.855363
173.5044611,1.227779279,150.9521981,1.281035943,125.3750645,1.298932367,74.09081941,2.945404447,92.00908579,3.461050578,86.48775514,4.450676014,46.33978805,330.4584459,54.93679164,499.3089351,57.39849742,612.2590932,49.55298353,708.4059564,38.80692663,657.1452676,44.46687906,1056.326194
181.7471937,1.217937836,158.1235331,1.267446512,131.7382961,1.299338906,77.61067596,2.868760394,96.38019122,3.415385838,90.59655692,4.380476054,47.67297464,353.6823904,56.51731233,525.3862263,59.20229858,639.1905352,51.11023213,749.3069914,40.52495237,695.2320202,45.86429209,1104.234698
190.3815165,1.214515162,165.635559,1.263884708,137.0394319,1.295047847,81.29775146,2.860698545,100.9589562,3.361515381,94.90055688,4.288877524,49.1711422,370.6920528,58.74610235,557.1581412,61.06278588,667.3066105,52.92070906,793.5941797,41.31628756,725.8489929,47.79605899,1178.68477
208.9002299,1.207698643,173.5044611,1.257039081,144.1061029,1.274600262,87.83622196,2.793192123,105.755246,3.308494616,99.40902836,4.232290521,50.32558486,390.0606508,60.59225325,591.644468,63.47082904,704.8885859,54.93679164,833.917158,42.77983375,763.7368107,49.55298353,1235.344227
217.1383207,1.213836439,181.7471937,1.243704212,150.9521981,1.274348816,92.00908579,2.756339038,110.7793947,3.256310141,104.1316853,4.143790645,52.51291698,407.9981417,63.47082904,630.282424,65.97383466,750.4556346,56.95620077,878.5899337,44.23815185,796.2799963,50.71639108,1291.414359
232.7941577,1.213477269,190.3815165,1.243458861,158.1235331,1.259181679,96.38019122,2.727099358,116.0422273,3.213346725,109.0787029,4.067772325,54.54158426,426.7689333,65.46545888,670.6098024,68.57554763,784.4659229,58.74610235,928.1016715,45.86429209,835.6499135,52.31020084,1353.522406
,,199.4260328,1.233491736,166.2774415,1.244174603,100.9589562,2.698169857,121.5550829,3.162663006,114.2607402,4.003611857,56.08180584,454.378041,67.52277181,706.0876359,70.18556793,821.1451887,61.53697245,991.9517902,46.94109634,872.436335,54.3730812,1429.751301
,,208.9002299,1.217217175,172.8346801,1.234242326,105.755246,2.669547246,127.3298396,3.112778715,119.6889622,3.930165134,57.84422875,481.8716911,69.8605679,736.2690793,71.83338837,850.5891357,62.98174072,1035.618828,48.79224323,917.9606168,56.66323141,1514.214111
,,217.1383207,1.213836439,182.3104312,1.218559416,110.7793947,2.634325518,133.3789395,3.079757867,125.3750645,3.847982891,59.66203744,507.032734,72.7279876,771.648051,73.51989643,891.5258706,65.12871989,1088.257111,49.93779008,958.3704651,58.44392616,1587.037276
,,0.262330126,97.89954349,190.3815165,1.214515162,116.0422273,2.6132097,139.715416,3.031181228,131.3312982,3.797213006,61.53697245,538.4164567,74.66617593,811.3186655,75.83032755,927.0951199,67.17545049,1140.594707,51.90711317,1007.060302,60.59225325,1680.828629
,,7.670377774,5.377296819,199.4260328,1.195358766,121.5550829,2.585488359,146.3529215,2.991188139,137.5704967,3.717810876,63.47082904,568.0144818,5.115646467,17.26460473,78.21336612,960.3065545,69.64473772,1195.423171,53.53834247,1061.031581,62.49642117,1770.909104
,,7.972062239,5.220840205,208.0938102,1.209299762,127.3298396,2.564764004,153.3057571,2.951722715,144.1061029,3.659170306,65.12871989,599.2527168,,,80.04966363,1010.482412,71.83338837,1266.098515,55.86531268,1112.004969,64.46042933,1851.226723
,,,,217.1383207,1.218610505,133.3789395,2.530924775,160.5889033,2.920410374,150.9521981,3.592042403,67.00246035,631.375326,,,82.99219115,1053.527996,74.09081941,1330.466168,57.84422875,1183.909248,67.52277181,1978.584587
,,,,4.218236158,8.880931692,139.715416,2.510637781,168.2180523,2.874347104,158.1235331,3.535385564,69.64473772,686.8600502,,,85.82130486,1131.977744,77.31107468,1405.373455,60.35834836,1240.785845,69.64473772,2071.029147
,,,,,,146.3529215,2.497039318,176.2096418,2.851307359,165.635559,3.470528506,68.57554763,651.452474,,,88.51831919,1181.770051,80.04966363,1488.436925,62.01484135,1310.730189,71.27986052,2165.029569
,,,,,,153.3057571,2.477023938,184.5808903,2.82106024,173.5044611,3.406861258,71.83338837,724.1444652,,,91.30008969,1238.604969,82.56529876,1555.943332,63.96371542,1373.767192,73.70971359,2275.073375
,,,,,,160.5889033,2.457168995,193.3498344,2.769307563,181.7471937,3.361911486,74.09081941,761.9558375,,,94.90055688,1305.796487,86.48775514,1669.527332,66.48615827,1443.561185,75.83032755,2378.282874
,,,,,,168.2180523,2.437473202,202.5353676,2.739930311,190.3815165,3.291611787,76.41919232,811.2386354,,,0.161966085,0.581103171,89.20571328,1756.702091,68.57554763,1512.986435,78.82073651,2525.40802
,,,,,,176.2096418,2.417935283,212.1572809,2.710864698,199.4260328,3.231226787,79.80235483,881.4735497,,,0.171614893,0.604156715,92.00908579,1841.187241,70.73059799,1585.750557,81.54969453,2649.599789
,,,,,,184.5808903,2.404838928,222.2363055,2.682107417,208.9002299,3.188594318,82.56529876,943.2755307,,,3.219981697,10.39847866,94.90055688,1942.401655,74.09081941,1688.204823,84.28615717,2788.654477
,,,,,,193.3498344,2.404364515,232.7941577,2.653655198,218.8245208,3.138301015,83.85260892,979.0505175,,,3.282693736,10.81278043,97.88289515,2022.542392,76.41919232,1764.771482,87.83622196,2972.779794
,,,,,,202.5353676,2.37264158,243.8535851,2.618643148,229.2202881,3.072677153,85.82130486,1038.325358,,,5.633591342,21.82718475,100.9589562,2139.317352,79.80235483,1869.987731,89.89844538,3103.645518
,,,,,,212.1572809,2.365973934,255.4384163,2.604459692,240.1099306,3.024212197,89.20571328,1092.505834,,,4.922056525,18.31186759,2.759546371,12.90542198,82.56529876,1984.668939,92.00908579,3202.338558
,,,,,,222.2363055,2.365507188,267.5736118,2.563379872,251.5169108,2.976511674,94.90055688,1287.979297,,,,,2.364950143,10.82786253,86.48775514,2104.6195,1.87628337,17.0022619
,,,,,,232.7941577,2.340413514,280.285318,2.54283273,263.4658061,2.929563525,93.92677532,1206.467085,,,,,3.282693736,15.99444833,89.20571328,2202.952735,1.753795929,15.72624206
,,,,,,243.8535851,2.327737043,293.6009234,2.522450287,275.9823614,2.875820342,97.37940846,1360.59144,,,,,3.379059285,16.46903844,92.00908579,2308.899436,1.822774668,16.3514747
,,,,,,,,307.5491175,2.495691736,289.0935448,2.830460385,90.58745588,1147.344012,,,,,4.735792552,24.56562215,94.90055688,2419.941436,2.319770526,21.48493944
,,,,,,,,322.159953,2.488678291,302.8276055,2.778535261,1.547137083,3.624406157,,,,,,,97.88289515,2529.695198,,
,,,,,,,,337.4649102,2.468729931,317.2141346,2.734709769,1.325907078,2.924180624,,,,,,,100.1809949,2651.443122,,
,,,,,,,,353.4969649,2.448941469,332.2841291,2.705699536,,,,,,,,,2.147519781,14.24764527,,
,,,,,,,,364.6059358,2.435837361,348.0700588,2.656063164,,,,,,,,,2.106493917,13.70173345,,
,,,,,,,,,,364.6059358,2.607337378,,,,,,,,,2.554640794,17.31564029,,
,,,,,,,,,,381.9273881,2.579678331,,,,,,,,,3.981071706,29.31990731,,
,,,,,,,,,,400.0717361,2.538989385,,,,,,,,,103.6828213,2767.044376,,
,,,,,,,,,,419.0780736,2.49241133,,,,,,,,,,,,
,,,,,,,,,,5.525968144,20.99085579,,,,,,,,,,,,
,,,,,,,,,,5.855166738,19.78875796,,,,,,,,,,,,
,,,,,,,,,,440.5336197,2.439344861,,,,,,,,,,,,
